date,region,order_id,revenue,quantity
2022-01-01,BE_SHOP_DACH,115,5641.3897334525,389
2022-01-01,BE_SHOP_INT,19,938.265383035999,70
2022-01-02,BE_SHOP_DACH,187,9412.3290444685,614
2022-01-02,BE_SHOP_INT,24,1096.744233708,79
2022-01-03,BE_SHOP_INT,38,1654.884107287,127
2022-01-03,BE_SHOP_DACH,241,11458.5809236535,968
2022-01-04,BE_SHOP_DACH,257,12824.3911410079,1126
2022-01-04,BE_SHOP_INT,31,1657.718647174,129
2022-01-05,BE_SHOP_DACH,227,11685.877182121,969
2022-01-05,BE_SHOP_INT,20,913.882938287999,70
2022-01-06,BE_SHOP_DACH,261,11990.1321701365,950
2022-01-06,BE_SHOP_INT,40,1698.73282256499,160
2022-01-07,BE_SHOP_DACH,207,9026.695318068,978
2022-01-07,BE_SHOP_INT,45,1892.608591606,148
2022-01-08,BE_SHOP_INT,35,1769.7416200555,142
2022-01-08,BE_SHOP_DACH,164,7561.996178588,799
2022-01-09,BE_SHOP_INT,23,924.084922609999,76
2022-01-09,BE_SHOP_DACH,260,12458.2339191945,1068
2022-01-10,BE_SHOP_INT,43,2182.7643902365,169
2022-01-10,BE_SHOP_DACH,300,12526.5767298764,1060
2022-01-11,BE_SHOP_DACH,323,14664.4771445465,1191
2022-01-11,BE_SHOP_INT,42,1901.7579112145,137
2022-01-12,BE_SHOP_DACH,363,16229.6762441094,1321
2022-01-12,BE_SHOP_INT,80,2621.002115146,233
2022-01-13,BE_SHOP_DACH,292,13142.7640326514,1205
2022-01-13,BE_SHOP_INT,48,2048.820350972,162
2022-01-14,BE_SHOP_DACH,234,11527.250894792,1014
2022-01-14,BE_SHOP_INT,35,1351.239467534,110
2022-01-15,BE_SHOP_INT,29,1114.1502973595,93
2022-01-15,BE_SHOP_DACH,160,8307.37074945299,867
2022-01-16,BE_SHOP_INT,34,1379.0136649555,101
2022-01-16,BE_SHOP_DACH,394,18162.5058034945,2046
2022-01-17,BE_SHOP_INT,51,2254.71863738249,269
2022-01-17,BE_SHOP_DACH,333,14693.903925589,1335
2022-01-18,BE_SHOP_DACH,275,12732.1637532449,1327
2022-01-18,BE_SHOP_INT,53,2235.1993124585,215
2022-01-19,BE_SHOP_INT,37,1535.382069317,120
2022-01-19,BE_SHOP_DACH,248,12023.50327573,1196
2022-01-20,BE_SHOP_DACH,210,13638.692588205,1568
2022-01-20,BE_SHOP_INT,83,3921.163352239,342
2022-01-21,BE_SHOP_INT,50,2420.60187006599,217
2022-01-21,BE_SHOP_DACH,189,9034.394528353,983
2022-01-22,BE_SHOP_DACH,143,7930.31187123049,882
2022-01-22,BE_SHOP_INT,34,1434.9481984325,106
2022-01-23,BE_SHOP_DACH,257,13448.8859246185,1482
2022-01-23,BE_SHOP_INT,23,1034.80745267,107
2022-01-24,BE_SHOP_INT,36,1800.750731187,155
2022-01-24,BE_SHOP_DACH,242,13425.044625278,1465
2022-01-25,BE_SHOP_DACH,338,14560.5649164844,1731
2022-01-25,BE_SHOP_INT,52,2211.929139589,174
2022-01-26,BE_SHOP_INT,55,2365.7634692245,179
2022-01-26,BE_SHOP_DACH,287,13836.4531057037,1343
2022-01-27,BE_SHOP_INT,106,4505.5471712475,403
2022-01-27,BE_SHOP_DACH,979,51342.221310252,5058
2022-01-28,BE_SHOP_INT,75,3468.961485148,352
2022-01-28,BE_SHOP_DACH,852,44958.083218077,4924
2022-01-29,BE_SHOP_DACH,433,21834.5487842215,2494
2022-01-29,BE_SHOP_INT,74,3324.655356024,326
2022-01-30,BE_SHOP_INT,70,3263.7423478315,257
2022-01-30,BE_SHOP_DACH,1063,57948.7583701885,6648
2022-01-31,BE_SHOP_INT,196,7877.216746969,679
2022-01-31,BE_SHOP_DACH,829,42485.0019983095,3692
2022-02-01,BE_SHOP_INT,73,3081.74402985699,245
2022-02-01,BE_SHOP_DACH,282,13068.009373258,940
2022-02-02,BE_SHOP_INT,49,2169.96628285,163
2022-02-02,BE_SHOP_DACH,212,9045.33183091899,717
2022-02-03,BE_SHOP_INT,38,1566.2527380335,118
2022-02-03,BE_SHOP_DACH,152,7086.306331062,563
2022-02-04,BE_SHOP_DACH,147,7509.44691306899,609
2022-02-04,BE_SHOP_INT,16,807.542353802,63
2022-02-05,BE_SHOP_DACH,100,5218.20825019949,403
2022-02-05,BE_SHOP_INT,26,1210.2577163355,104
2022-02-06,BE_SHOP_DACH,186,8368.4817345375,659
2022-02-06,BE_SHOP_INT,33,1512.7603312965,119
2022-02-07,BE_SHOP_DACH,397,15739.1880286234,1155
2022-02-07,BE_SHOP_INT,119,4146.3311912365,348
2022-02-08,BE_SHOP_DACH,360,13944.7662201299,982
2022-02-08,BE_SHOP_INT,66,2393.750876756,206
2022-02-09,BE_SHOP_DACH,217,9342.088664643,738
2022-02-09,BE_SHOP_INT,68,2401.930288497,205
2022-02-10,BE_SHOP_INT,76,2958.2349759585,234
2022-02-10,BE_SHOP_DACH,162,7329.76999983,579
2022-02-11,BE_SHOP_DACH,137,6965.9661107675,590
2022-02-11,BE_SHOP_INT,38,1621.4458372535,133
2022-02-12,BE_SHOP_DACH,203,8109.8470063475,674
2022-02-12,BE_SHOP_INT,35,1714.9832077045,128
2022-02-13,BE_SHOP_INT,32,1626.286784737,123
2022-02-13,BE_SHOP_DACH,176,8408.3199789785,663
2022-02-14,BE_SHOP_INT,63,2940.4910434565,234
2022-02-14,BE_SHOP_DACH,178,9197.8844674465,741
2022-02-15,BE_SHOP_DACH,197,8699.632818001,721
2022-02-15,BE_SHOP_INT,28,1254.215995159,103
2022-02-16,BE_SHOP_DACH,180,7891.541440906,631
2022-02-16,BE_SHOP_INT,92,3440.7415723485,279
2022-02-17,BE_SHOP_DACH,183,7883.5909552285,623
2022-02-17,BE_SHOP_INT,80,3276.449932522,277
2022-02-18,BE_SHOP_INT,52,2221.809419109,187
2022-02-18,BE_SHOP_DACH,196,8878.6290939413,709
2022-02-19,BE_SHOP_DACH,152,7165.59572696449,613
2022-02-19,BE_SHOP_INT,20,803.545102580499,64
2022-02-20,BE_SHOP_DACH,237,10535.0782569575,834
2022-02-20,BE_SHOP_INT,66,2687.3775451245,215
2022-02-21,BE_SHOP_INT,55,2246.86103887399,185
2022-02-21,BE_SHOP_DACH,285,11760.673914153,1018
2022-02-22,BE_SHOP_DACH,262,12289.1511294,993
2022-02-22,BE_SHOP_INT,74,3081.90277077499,230
2022-02-23,BE_SHOP_INT,47,2114.7509942775,181
2022-02-23,BE_SHOP_DACH,213,9970.43974197149,858
2022-02-24,BE_SHOP_DACH,208,9957.2710646305,861
2022-02-24,BE_SHOP_INT,65,2561.4303736125,206
2022-02-25,BE_SHOP_INT,52,2661.42091112499,221
2022-02-25,BE_SHOP_DACH,154,6741.732867439,588
2022-02-26,BE_SHOP_DACH,103,5184.35481602849,438
2022-02-26,BE_SHOP_INT,32,1392.3144922015,117
2022-02-27,BE_SHOP_DACH,265,12657.761849065,1000
2022-02-27,BE_SHOP_INT,93,3581.29617752899,287
2022-02-28,BE_SHOP_DACH,335,15410.832857219,1273
2022-02-28,BE_SHOP_INT,90,3929.4790698545,314
2022-03-01,BE_SHOP_DACH,247,11477.8467621915,959
2022-03-01,BE_SHOP_INT,137,5402.840732465,464
2022-03-02,BE_SHOP_DACH,189,8326.162628285,693
2022-03-02,BE_SHOP_INT,145,5889.880660361,504
2022-03-03,BE_SHOP_DACH,241,11919.9688766363,951
2022-03-03,BE_SHOP_INT,60,2629.27549815399,215
2022-03-04,BE_SHOP_DACH,134,6362.6415005825,523
2022-03-04,BE_SHOP_INT,33,1686.8915795995,143
2022-03-05,BE_SHOP_INT,29,1324.9945933585,104
2022-03-05,BE_SHOP_DACH,119,6099.688978203,454
2022-03-06,BE_SHOP_DACH,243,10678.8194842793,817
2022-03-06,BE_SHOP_INT,36,1737.781938869,140
2022-03-07,BE_SHOP_INT,57,2589.583050224,230
2022-03-07,BE_SHOP_DACH,220,11100.325823922,897
2022-03-08,BE_SHOP_DACH,264,12421.0606702659,927
2022-03-08,BE_SHOP_INT,64,2706.052847417,208
2022-03-09,BE_SHOP_DACH,263,12052.3594112087,936
2022-03-09,BE_SHOP_INT,41,1596.905897624,123
2022-03-10,BE_SHOP_INT,63,2464.4890584025,189
2022-03-10,BE_SHOP_DACH,227,10323.943482287,824
2022-03-11,BE_SHOP_INT,37,1527.513149414,134
2022-03-11,BE_SHOP_DACH,202,8947.4847457455,733
2022-03-12,BE_SHOP_DACH,132,6006.2899697715,450
2022-03-12,BE_SHOP_INT,22,1064.37324944399,70
2022-03-13,BE_SHOP_INT,28,1347.194097099,91
2022-03-13,BE_SHOP_DACH,282,12192.046902047,989
2022-03-14,BE_SHOP_DACH,220,10411.62156771,826
2022-03-14,BE_SHOP_INT,23,972.058279039,82
2022-03-15,BE_SHOP_DACH,224,10621.0136241865,844
2022-03-15,BE_SHOP_INT,20,1070.072941782,82
2022-03-16,BE_SHOP_INT,49,2263.9370000985,179
2022-03-16,BE_SHOP_DACH,203,9411.742781503,754
2022-03-17,BE_SHOP_DACH,181,8838.488180678,659
2022-03-17,BE_SHOP_INT,66,2916.018227394,226
2022-03-18,BE_SHOP_DACH,127,6279.6945171095,489
2022-03-18,BE_SHOP_INT,47,2001.4405998795,157
2022-03-19,BE_SHOP_INT,20,933.188649135,71
2022-03-19,BE_SHOP_DACH,111,5809.918810067,439
2022-03-20,BE_SHOP_INT,39,2115.337492528,150
2022-03-20,BE_SHOP_DACH,175,8937.202820422,686
2022-03-21,BE_SHOP_INT,70,3737.4571282195,290
2022-03-21,BE_SHOP_DACH,201,9239.023671563,776
2022-03-22,BE_SHOP_INT,49,2547.6594751415,200
2022-03-22,BE_SHOP_DACH,297,12938.9327838029,984
2022-03-23,BE_SHOP_INT,76,3445.3638515555,270
2022-03-23,BE_SHOP_DACH,251,13131.230663452,1054
2022-03-24,BE_SHOP_DACH,188,9251.14830977649,687
2022-03-24,BE_SHOP_INT,69,3413.943930848,293
2022-03-25,BE_SHOP_INT,24,1035.0254935975,86
2022-03-25,BE_SHOP_DACH,128,6976.2594111625,497
2022-03-26,BE_SHOP_DACH,164,8484.4820305815,588
2022-03-26,BE_SHOP_INT,27,1295.251949661,101
2022-03-27,BE_SHOP_DACH,210,11290.259164578,826
2022-03-27,BE_SHOP_INT,34,1480.628378099,111
2022-03-28,BE_SHOP_DACH,384,18618.789447314,1353
2022-03-28,BE_SHOP_INT,47,2110.550871286,165
2022-03-29,BE_SHOP_DACH,376,15855.0326228329,1214
2022-03-29,BE_SHOP_INT,68,2830.0227310895,234
2022-03-30,BE_SHOP_INT,89,3225.7923837485,283
2022-03-30,BE_SHOP_DACH,551,26258.9482331099,2045
2022-03-31,BE_SHOP_INT,86,3498.6408496275,287
2022-03-31,BE_SHOP_DACH,346,17363.4885642385,1375
2022-04-01,BE_SHOP_DACH,224,10077.8784624925,823
2022-04-01,BE_SHOP_INT,33,1394.2482943205,140
2022-04-02,BE_SHOP_DACH,277,14089.625152756,1122
2022-04-02,BE_SHOP_INT,39,1787.2617565775,154
2022-04-03,BE_SHOP_DACH,289,13174.0362030455,957
2022-04-03,BE_SHOP_INT,44,2306.581417901,185
2022-04-04,BE_SHOP_DACH,241,11618.1791785635,883
2022-04-04,BE_SHOP_INT,30,1261.6302487585,109
2022-04-05,BE_SHOP_DACH,365,17038.949209617,1397
2022-04-05,BE_SHOP_INT,151,6336.497960294,573
2022-04-06,BE_SHOP_DACH,285,12481.6235063199,1014
2022-04-06,BE_SHOP_INT,95,4537.412148157,361
2022-04-07,BE_SHOP_INT,122,4937.664127865,406
2022-04-07,BE_SHOP_DACH,229,11426.4926932879,876
2022-04-08,BE_SHOP_INT,58,2372.370618366,205
2022-04-08,BE_SHOP_DACH,159,7069.285942669,582
2022-04-09,BE_SHOP_INT,36,1465.083548565,121
2022-04-09,BE_SHOP_DACH,127,6813.36240367249,522
2022-04-10,BE_SHOP_DACH,326,16528.8409578205,1309
2022-04-10,BE_SHOP_INT,43,1806.385485656,151
2022-04-11,BE_SHOP_DACH,1521,81623.44010286,7863
2022-04-11,BE_SHOP_INT,119,4794.7873829075,468
2022-04-12,BE_SHOP_INT,128,5631.023982476,527
2022-04-12,BE_SHOP_DACH,1427,77086.9644755945,7516
2022-04-13,BE_SHOP_INT,99,4329.53762215599,383
2022-04-13,BE_SHOP_DACH,373,20814.574161691,1917
2022-04-14,BE_SHOP_INT,147,6148.266940437,596
2022-04-14,BE_SHOP_DACH,127,6181.7576732395,503
2022-04-15,BE_SHOP_INT,36,1661.3235478375,149
2022-04-15,BE_SHOP_DACH,123,5812.84921889149,487
2022-04-16,BE_SHOP_INT,19,766.505548915,64
2022-04-16,BE_SHOP_DACH,77,3759.147546498,282
2022-04-17,BE_SHOP_INT,42,1949.027491357,148
2022-04-17,BE_SHOP_DACH,86,4255.829632886,315
2022-04-18,BE_SHOP_INT,60,2359.9434696585,186
2022-04-18,BE_SHOP_DACH,123,6635.45423794149,497
2022-04-19,BE_SHOP_DACH,152,7305.0401613015,572
2022-04-19,BE_SHOP_INT,43,1813.26046699099,156
2022-04-20,BE_SHOP_INT,82,3408.50371756399,270
2022-04-20,BE_SHOP_DACH,213,9978.93098218549,739
2022-04-21,BE_SHOP_INT,49,2218.782493404,166
2022-04-21,BE_SHOP_DACH,234,10767.699624244,810
2022-04-22,BE_SHOP_DACH,127,6315.1263297635,468
2022-04-22,BE_SHOP_INT,46,2206.97321632199,162
2022-04-23,BE_SHOP_INT,45,2032.40066517,157
2022-04-23,BE_SHOP_DACH,104,5098.35463739,368
2022-04-24,BE_SHOP_DACH,190,9083.25366912,669
2022-04-24,BE_SHOP_INT,23,1077.391272818,95
2022-04-25,BE_SHOP_INT,59,2575.968873886,225
2022-04-25,BE_SHOP_DACH,183,9119.5101526515,687
2022-04-26,BE_SHOP_INT,29,1136.330457263,99
2022-04-26,BE_SHOP_DACH,192,7911.44613463899,582
2022-04-27,BE_SHOP_DACH,401,16141.6084047899,1230
2022-04-27,BE_SHOP_INT,65,3022.0695912755,234
2022-04-28,BE_SHOP_INT,103,3997.41340299499,362
2022-04-28,BE_SHOP_DACH,313,14378.2472643149,1932
2022-04-29,BE_SHOP_INT,65,2677.63416635499,251
2022-04-29,BE_SHOP_DACH,223,9981.244958444,1523
2022-04-30,BE_SHOP_DACH,147,7538.225143037,787
2022-04-30,BE_SHOP_INT,30,1345.7002161565,112
2022-05-01,BE_SHOP_INT,47,2445.11418402,193
2022-05-01,BE_SHOP_DACH,197,9600.0180783755,852
2022-05-02,BE_SHOP_INT,67,2980.68845405399,274
2022-05-02,BE_SHOP_DACH,212,10125.2109304724,973
2022-05-03,BE_SHOP_INT,42,2028.25439404899,166
2022-05-03,BE_SHOP_DACH,239,12144.7838931289,1074
2022-05-04,BE_SHOP_DACH,227,11033.9720229935,999
2022-05-04,BE_SHOP_INT,44,1878.8777923245,178
2022-05-05,BE_SHOP_INT,41,2016.541426204,165
2022-05-05,BE_SHOP_DACH,166,8092.91115116349,751
2022-05-06,BE_SHOP_INT,27,1361.08589248949,126
2022-05-06,BE_SHOP_DACH,143,7229.1340433675,579
2022-05-07,BE_SHOP_INT,24,1327.7926356205,116
2022-05-07,BE_SHOP_DACH,124,6171.4795214525,514
2022-05-08,BE_SHOP_INT,31,1495.8989158045,128
2022-05-08,BE_SHOP_DACH,206,10036.695881733,778
2022-05-09,BE_SHOP_DACH,146,6885.8212532975,517
2022-05-09,BE_SHOP_INT,73,2947.342723847,276
2022-05-10,BE_SHOP_INT,83,3123.326073757,295
2022-05-10,BE_SHOP_DACH,208,8711.2947790355,653
2022-05-11,BE_SHOP_DACH,294,12740.3931230395,1072
2022-05-11,BE_SHOP_INT,65,2828.09818705249,252
2022-05-12,BE_SHOP_DACH,196,9521.239206669,837
2022-05-12,BE_SHOP_INT,74,3476.20466289999,281
2022-05-13,BE_SHOP_DACH,178,9031.301293493,674
2022-05-13,BE_SHOP_INT,44,1873.75861836749,152
2022-05-14,BE_SHOP_DACH,117,6417.11176972,485
2022-05-14,BE_SHOP_INT,19,979.7868455275,74
2022-05-15,BE_SHOP_INT,20,891.238131858,80
2022-05-15,BE_SHOP_DACH,141,7380.886023255,517
2022-05-16,BE_SHOP_DACH,341,15989.7529383899,1229
2022-05-16,BE_SHOP_INT,56,2594.0172136535,231
2022-05-17,BE_SHOP_INT,91,3505.61470164999,316
2022-05-17,BE_SHOP_DACH,271,11931.433651463,875
2022-05-18,BE_SHOP_INT,76,3053.739646955,280
2022-05-18,BE_SHOP_DACH,192,9850.6509874095,734
2022-05-19,BE_SHOP_DACH,167,8525.71465440699,591
2022-05-19,BE_SHOP_INT,76,3351.6387169665,305
2022-05-20,BE_SHOP_INT,29,1303.9980187105,112
2022-05-20,BE_SHOP_DACH,137,7005.5339197605,558
2022-05-21,BE_SHOP_DACH,95,5074.903586486,365
2022-05-21,BE_SHOP_INT,20,746.8732758425,62
2022-05-22,BE_SHOP_DACH,246,11979.384505152,802
2022-05-22,BE_SHOP_INT,36,1592.32257505,132
2022-05-23,BE_SHOP_DACH,272,12427.0602153805,882
2022-05-23,BE_SHOP_INT,53,2372.81542242799,214
2022-05-24,BE_SHOP_DACH,259,13233.6797569995,1059
2022-05-24,BE_SHOP_INT,48,2086.696230657,175
2022-05-25,BE_SHOP_DACH,207,10457.176037548,866
2022-05-25,BE_SHOP_INT,102,4668.30513217099,437
2022-05-26,BE_SHOP_INT,148,6604.31420602949,635
2022-05-26,BE_SHOP_DACH,211,10179.760384207,825
2022-05-27,BE_SHOP_DACH,168,8121.234082251,635
2022-05-27,BE_SHOP_INT,54,2396.977860583,217
2022-05-28,BE_SHOP_DACH,139,6511.5451945575,518
2022-05-28,BE_SHOP_INT,31,1648.9590638415,148
2022-05-29,BE_SHOP_DACH,238,12397.9458431615,998
2022-05-29,BE_SHOP_INT,33,1537.940600196,134
2022-05-30,BE_SHOP_DACH,345,15497.4511784274,1268
2022-05-30,BE_SHOP_INT,89,4469.7539217385,408
2022-05-31,BE_SHOP_INT,113,5410.8096925355,476
2022-05-31,BE_SHOP_DACH,308,13980.4813125264,1093
2022-06-01,BE_SHOP_INT,75,3442.19163516599,312
2022-06-01,BE_SHOP_DACH,292,14166.0579162449,1119
2022-06-02,BE_SHOP_INT,66,3162.543579535,256
2022-06-02,BE_SHOP_DACH,203,10029.3772210299,776
2022-06-03,BE_SHOP_DACH,163,8098.1081904265,599
2022-06-03,BE_SHOP_INT,50,2420.080962246,192
2022-06-04,BE_SHOP_INT,31,1733.776234984,133
2022-06-04,BE_SHOP_DACH,134,6799.0702169165,493
2022-06-05,BE_SHOP_INT,30,1452.361112395,118
2022-06-05,BE_SHOP_DACH,190,9993.3991818365,702
2022-06-06,BE_SHOP_DACH,238,12365.4411429679,960
2022-06-06,BE_SHOP_INT,86,3932.9824346715,331
2022-06-07,BE_SHOP_INT,83,3644.93152373749,292
2022-06-07,BE_SHOP_DACH,243,11908.7803194119,939
2022-06-08,BE_SHOP_INT,88,4226.1988912285,363
2022-06-08,BE_SHOP_DACH,222,12164.3566618225,922
2022-06-09,BE_SHOP_INT,80,3507.451682641,259
2022-06-09,BE_SHOP_DACH,188,9727.513363112,727
2022-06-10,BE_SHOP_INT,31,1460.21122832499,96
2022-06-10,BE_SHOP_DACH,182,8869.22218405699,751
2022-06-11,BE_SHOP_DACH,145,6928.23905293699,481
2022-06-11,BE_SHOP_INT,27,1038.5386689295,81
2022-06-12,BE_SHOP_INT,29,1381.8367583615,94
2022-06-12,BE_SHOP_DACH,191,10144.454108506,706
2022-06-13,BE_SHOP_DACH,253,11521.919098044,855
2022-06-13,BE_SHOP_INT,49,2227.214543958,173
2022-06-14,BE_SHOP_DACH,302,13400.6538782454,1057
2022-06-14,BE_SHOP_INT,44,2020.587094835,141
2022-06-15,BE_SHOP_DACH,289,13120.9015971854,1037
2022-06-15,BE_SHOP_INT,40,1792.95947409399,145
2022-06-16,BE_SHOP_DACH,259,12183.6548352889,860
2022-06-16,BE_SHOP_INT,48,2099.6495789475,124
2022-06-17,BE_SHOP_DACH,172,8863.8159133865,677
2022-06-17,BE_SHOP_INT,22,1043.841546129,69
2022-06-18,BE_SHOP_DACH,125,6377.352630468,468
2022-06-18,BE_SHOP_INT,33,1649.7944607645,120
2022-06-19,BE_SHOP_DACH,175,10131.841520495,744
2022-06-19,BE_SHOP_INT,29,1376.9024990155,104
2022-06-20,BE_SHOP_DACH,254,11560.9661394939,922
2022-06-20,BE_SHOP_INT,47,1744.95199849749,112
2022-06-21,BE_SHOP_INT,96,4040.6428417065,436
2022-06-21,BE_SHOP_DACH,492,22264.5862499054,2554
2022-06-22,BE_SHOP_DACH,336,16056.6982040029,1694
2022-06-22,BE_SHOP_INT,52,2329.4613225405,222
2022-06-23,BE_SHOP_DACH,295,14527.6330230019,1323
2022-06-23,BE_SHOP_INT,73,3415.5877671605,332
2022-06-24,BE_SHOP_DACH,199,10724.788050837,952
2022-06-24,BE_SHOP_INT,66,2879.18208113049,289
2022-06-25,BE_SHOP_INT,58,2983.14353550749,212
2022-06-25,BE_SHOP_DACH,119,6013.6157675475,566
2022-06-26,BE_SHOP_DACH,205,10738.5083665984,1018
2022-06-26,BE_SHOP_INT,36,1577.3962971185,126
2022-06-27,BE_SHOP_INT,62,2836.0091177465,251
2022-06-27,BE_SHOP_DACH,229,10947.511828475,1035
2022-06-28,BE_SHOP_INT,111,4522.746943184,345
2022-06-28,BE_SHOP_DACH,353,16285.5620664804,1446
2022-06-29,BE_SHOP_DACH,309,13121.7661629394,1053
2022-06-29,BE_SHOP_INT,105,4645.0744081725,336
2022-06-30,BE_SHOP_INT,117,4500.714053058,394
2022-06-30,BE_SHOP_DACH,326,14639.9471561719,1127
2022-07-01,BE_SHOP_INT,89,3409.21857141249,309
2022-07-01,BE_SHOP_DACH,242,10952.2247712199,861
2022-07-02,BE_SHOP_INT,39,1783.6124132965,137
2022-07-02,BE_SHOP_DACH,137,6774.11132044149,515
2022-07-03,BE_SHOP_INT,59,2688.803097219,199
2022-07-03,BE_SHOP_DACH,217,11226.739028303,791
2022-07-04,BE_SHOP_DACH,240,11591.9229009839,924
2022-07-04,BE_SHOP_INT,75,3036.80922386099,264
2022-07-05,BE_SHOP_DACH,309,13749.7163885214,980
2022-07-05,BE_SHOP_INT,79,3188.756738662,234
2022-07-06,BE_SHOP_INT,58,2581.035841402,206
2022-07-06,BE_SHOP_DACH,284,12642.8747874885,936
2022-07-07,BE_SHOP_DACH,243,11647.581485426,921
2022-07-07,BE_SHOP_INT,69,3100.3771112785,233
2022-07-08,BE_SHOP_DACH,145,6857.732975237,545
2022-07-08,BE_SHOP_INT,58,2087.25005479,168
2022-07-09,BE_SHOP_DACH,131,6387.4520023025,484
2022-07-09,BE_SHOP_INT,39,1570.7915492075,102
2022-07-10,BE_SHOP_DACH,223,11350.9148513899,807
2022-07-10,BE_SHOP_INT,68,3026.16440441999,225
2022-07-11,BE_SHOP_INT,69,2787.7655588055,213
2022-07-11,BE_SHOP_DACH,323,13989.4523662364,1106
2022-07-12,BE_SHOP_INT,49,2209.4317867635,176
2022-07-12,BE_SHOP_DACH,362,16031.8605028069,1243
2022-07-13,BE_SHOP_INT,142,6061.80826320949,583
2022-07-13,BE_SHOP_DACH,254,11891.423855673,906
2022-07-14,BE_SHOP_DACH,221,10433.7611470159,770
2022-07-14,BE_SHOP_INT,99,4293.7317744115,408
2022-07-15,BE_SHOP_INT,49,2735.817416202,260
2022-07-15,BE_SHOP_DACH,197,10472.749131809,835
2022-07-16,BE_SHOP_DACH,135,7203.69547402749,543
2022-07-16,BE_SHOP_INT,62,2900.9774692395,270
2022-07-17,BE_SHOP_INT,67,2948.023842084,279
2022-07-17,BE_SHOP_DACH,192,10131.669067245,763
2022-07-18,BE_SHOP_DACH,232,11816.83955082,909
2022-07-18,BE_SHOP_INT,181,8322.554548785,791
2022-07-19,BE_SHOP_DACH,236,12825.1763041095,1003
2022-07-19,BE_SHOP_INT,300,11901.672219826,1095
2022-07-20,BE_SHOP_INT,166,6918.0748783175,602
2022-07-20,BE_SHOP_DACH,236,11461.1810761285,927
2022-07-21,BE_SHOP_DACH,241,12419.6163870624,973
2022-07-21,BE_SHOP_INT,43,1788.2694168755,132
2022-07-22,BE_SHOP_DACH,189,9020.1606182135,719
2022-07-22,BE_SHOP_INT,32,1532.59938286699,126
2022-07-23,BE_SHOP_DACH,121,6774.674520541,531
2022-07-23,BE_SHOP_INT,31,1077.2381835625,71
2022-07-24,BE_SHOP_DACH,228,11666.094698886,993
2022-07-24,BE_SHOP_INT,40,1657.0711539905,122
2022-07-25,BE_SHOP_DACH,478,25393.284521943,2047
2022-07-25,BE_SHOP_INT,161,5487.49403042699,342
2022-07-26,BE_SHOP_INT,211,7345.3436371765,520
2022-07-26,BE_SHOP_DACH,431,23303.1177512705,1952
2022-07-27,BE_SHOP_DACH,617,33119.0213726809,2713
2022-07-27,BE_SHOP_INT,127,4595.45128419699,345
2022-07-28,BE_SHOP_DACH,361,18470.32519117,1511
2022-07-28,BE_SHOP_INT,114,4617.032950563,335
2022-07-29,BE_SHOP_INT,93,3611.6533975485,270
2022-07-29,BE_SHOP_DACH,206,9538.5215633885,748
2022-07-30,BE_SHOP_DACH,162,8094.5735399205,609
2022-07-30,BE_SHOP_INT,30,1233.327364667,82
2022-07-31,BE_SHOP_DACH,221,11297.6060746309,877
2022-07-31,BE_SHOP_INT,77,3490.7915055005,274
2022-08-01,BE_SHOP_DACH,259,12764.6407237554,998
2022-08-01,BE_SHOP_INT,52,2341.4813744505,196
2022-08-02,BE_SHOP_INT,58,2425.880661569,178
2022-08-02,BE_SHOP_DACH,226,11080.6512137269,850
2022-08-03,BE_SHOP_INT,70,2988.01584225899,224
2022-08-03,BE_SHOP_DACH,212,10307.6232193025,801
2022-08-04,BE_SHOP_INT,49,1745.2767569585,120
2022-08-04,BE_SHOP_DACH,260,11734.3319068815,749
2022-08-05,BE_SHOP_INT,47,1856.3553087605,143
2022-08-05,BE_SHOP_DACH,193,9545.4674188185,558
2022-08-06,BE_SHOP_DACH,189,8535.9645760205,431
2022-08-06,BE_SHOP_INT,36,1593.70752362549,91
2022-08-07,BE_SHOP_INT,80,3418.3496790705,218
2022-08-07,BE_SHOP_DACH,206,10046.632761802,538
2022-08-08,BE_SHOP_DACH,251,11880.0965847974,673
2022-08-08,BE_SHOP_INT,96,3767.68745903949,210
2022-08-09,BE_SHOP_INT,76,2920.59383963,188
2022-08-09,BE_SHOP_DACH,382,17350.0961482254,979
2022-08-10,BE_SHOP_DACH,262,12587.0385060119,729
2022-08-10,BE_SHOP_INT,120,4523.7029360105,294
2022-08-11,BE_SHOP_INT,78,2747.972462248,168
2022-08-11,BE_SHOP_DACH,223,10031.2542640275,592
2022-08-12,BE_SHOP_INT,64,2823.49427317799,170
2022-08-12,BE_SHOP_DACH,186,10094.3290857655,569
2022-08-13,BE_SHOP_DACH,167,8765.7955766615,465
2022-08-13,BE_SHOP_INT,53,2099.93562468,122
2022-08-14,BE_SHOP_INT,79,3443.02234612799,217
2022-08-14,BE_SHOP_DACH,191,10469.111213973,553
2022-08-15,BE_SHOP_DACH,248,12197.1228137909,707
2022-08-15,BE_SHOP_INT,81,3288.533660019,200
2022-08-16,BE_SHOP_INT,130,5016.45361027749,328
2022-08-16,BE_SHOP_DACH,318,14605.3922496939,810
2022-08-17,BE_SHOP_DACH,358,15789.0229390919,840
2022-08-17,BE_SHOP_INT,84,3434.243516533,242
2022-08-18,BE_SHOP_INT,504,17629.0540250675,1327
2022-08-18,BE_SHOP_DACH,231,10848.1014546454,605
2022-08-19,BE_SHOP_INT,178,6517.2674558025,458
2022-08-19,BE_SHOP_DACH,203,9452.85380497999,526
2022-08-20,BE_SHOP_INT,69,2850.326651164,179
2022-08-20,BE_SHOP_DACH,164,8191.189294013,458
2022-08-21,BE_SHOP_INT,89,3595.1528294065,219
2022-08-21,BE_SHOP_DACH,192,9103.5397423475,478
2022-08-22,BE_SHOP_DACH,340,17453.1756170938,1002
2022-08-22,BE_SHOP_INT,88,3271.51200005999,219
2022-08-23,BE_SHOP_INT,81,2932.4336480914,207
2022-08-23,BE_SHOP_DACH,1068,61815.6343470181,4009
2022-08-24,BE_SHOP_INT,88,3953.45739687549,245
2022-08-24,BE_SHOP_DACH,603,31871.1306744275,2092
2022-08-25,BE_SHOP_INT,53,2238.1740373855,128
2022-08-25,BE_SHOP_DACH,438,22684.9724490964,1373
2022-08-26,BE_SHOP_INT,69,2924.9907871095,151
2022-08-26,BE_SHOP_DACH,348,18239.3324614835,1166
2022-08-27,BE_SHOP_INT,73,3257.90331463149,199
2022-08-27,BE_SHOP_DACH,250,12978.7698517017,795
2022-08-28,BE_SHOP_INT,86,3410.3755373626,212
2022-08-28,BE_SHOP_DACH,485,25989.9064443231,1627
2022-08-29,BE_SHOP_DACH,1063,54532.3110924697,3538
2022-08-29,BE_SHOP_INT,92,3733.2207752284,221
2022-08-30,BE_SHOP_DACH,830,42110.1362511268,2888
2022-08-30,BE_SHOP_INT,161,6288.76987019409,398
2022-08-31,BE_SHOP_DACH,410,18506.9113060056,1309
2022-08-31,BE_SHOP_INT,141,5466.934509154,340
2022-09-01,BE_SHOP_INT,102,4120.7634744745,256
2022-09-01,BE_SHOP_DACH,189,8510.4641032136,518
2022-09-02,BE_SHOP_INT,119,4726.14053281099,296
2022-09-02,BE_SHOP_DACH,161,7971.711829408,480
2022-09-03,BE_SHOP_INT,67,2701.374042268,162
2022-09-03,BE_SHOP_DACH,136,6158.1423165265,325
2022-09-04,BE_SHOP_DACH,189,9325.10742686699,507
2022-09-04,BE_SHOP_INT,90,4052.567183856,253
2022-09-05,BE_SHOP_INT,96,4314.838611003,298
2022-09-05,BE_SHOP_DACH,193,9477.6529898431,524
2022-09-06,BE_SHOP_DACH,399,22224.1094130685,862
2022-09-06,BE_SHOP_INT,76,3569.801974593,209
2022-09-07,BE_SHOP_INT,94,4000.19728278299,264
2022-09-07,BE_SHOP_DACH,406,21885.9609905274,906
2022-09-08,BE_SHOP_INT,70,3176.430456724,203
2022-09-08,BE_SHOP_DACH,218,10364.9234951389,530
2022-09-09,BE_SHOP_DACH,164,7292.45881877049,402
2022-09-09,BE_SHOP_INT,40,1775.868598886,83
2022-09-10,BE_SHOP_DACH,104,4951.122109702,241
2022-09-10,BE_SHOP_INT,35,1377.591706118,70
2022-09-11,BE_SHOP_INT,49,2370.25240069799,129
2022-09-11,BE_SHOP_DACH,174,9598.20394087099,402
2022-09-12,BE_SHOP_INT,47,1990.6500766265,106
2022-09-12,BE_SHOP_DACH,184,8485.2164863225,506
2022-09-13,BE_SHOP_DACH,219,10084.2286662535,608
2022-09-13,BE_SHOP_INT,51,2161.373939598,122
2022-09-14,BE_SHOP_DACH,313,14584.5799540675,955
2022-09-14,BE_SHOP_INT,132,5107.6047226205,291
2022-09-15,BE_SHOP_DACH,207,10031.58822563,639
2022-09-15,BE_SHOP_INT,63,2381.117251218,138
2022-09-16,BE_SHOP_INT,42,2061.879131202,114
2022-09-16,BE_SHOP_DACH,154,7824.086436814,512
2022-09-17,BE_SHOP_INT,59,2456.317029891,139
2022-09-17,BE_SHOP_DACH,94,4476.58684248049,259
2022-09-18,BE_SHOP_INT,74,3143.9207739435,169
2022-09-18,BE_SHOP_DACH,156,8907.483694387,490
2022-09-19,BE_SHOP_DACH,163,7855.52820880399,472
2022-09-19,BE_SHOP_INT,42,1687.06320457,103
2022-09-20,BE_SHOP_INT,39,1392.12235379049,82
2022-09-20,BE_SHOP_DACH,193,9033.5075138025,533
2022-09-21,BE_SHOP_INT,48,1775.335335345,113
2022-09-21,BE_SHOP_DACH,173,9064.36087178893,541
2022-09-22,BE_SHOP_DACH,159,9175.539112735,526
2022-09-22,BE_SHOP_INT,20,798.112053677999,39
2022-09-23,BE_SHOP_DACH,177,10313.581112032,495
2022-09-23,BE_SHOP_INT,28,1244.341482769,65
2022-09-24,BE_SHOP_DACH,110,6883.90816679699,295
2022-09-24,BE_SHOP_INT,35,1346.076334849,78
2022-09-25,BE_SHOP_INT,28,1228.9131141485,74
2022-09-25,BE_SHOP_DACH,155,9418.931834947,464
2022-09-26,BE_SHOP_DACH,243,13051.833708271,843
2022-09-26,BE_SHOP_INT,73,3219.723390956,245
2022-09-27,BE_SHOP_INT,47,2025.533657378,142
2022-09-27,BE_SHOP_DACH,228,11670.643481943,782
2022-09-28,BE_SHOP_INT,119,5648.6456789195,364
2022-09-28,BE_SHOP_DACH,393,20459.0937903577,1391
2022-09-29,BE_SHOP_INT,121,5345.58743146622,362
2022-09-29,BE_SHOP_DACH,311,15852.315869217,1036
2022-09-30,BE_SHOP_DACH,405,24231.655274465,1529
2022-09-30,BE_SHOP_INT,78,3847.8509159475,249
2022-10-01,BE_SHOP_DACH,249,13891.593067935,812
2022-10-01,BE_SHOP_INT,57,2632.698844845,159
2022-10-02,BE_SHOP_INT,185,7686.965358647,506
2022-10-02,BE_SHOP_DACH,278,15313.219937225,1089
2022-10-03,BE_SHOP_INT,107,4608.215395025,274
2022-10-03,BE_SHOP_DACH,339,16282.4867822539,1159
2022-10-04,BE_SHOP_INT,66,3678.627894685,258
2022-10-04,BE_SHOP_DACH,337,16300.145942777,1150
2022-10-05,BE_SHOP_DACH,360,19514.3639191639,1323
2022-10-05,BE_SHOP_INT,89,4456.2979428745,273
2022-10-06,BE_SHOP_INT,76,3248.198927007,211
2022-10-06,BE_SHOP_DACH,352,17771.3198705485,1127
2022-10-07,BE_SHOP_DACH,245,13327.1039116305,847
2022-10-07,BE_SHOP_INT,96,4038.003747812,267
2022-10-08,BE_SHOP_DACH,254,13591.0891394065,900
2022-10-08,BE_SHOP_INT,61,3272.792979999,205
2022-10-09,BE_SHOP_INT,96,4451.598076693,297
2022-10-09,BE_SHOP_DACH,375,19488.6277075264,1275
2022-10-10,BE_SHOP_DACH,217,10357.815448347,664
2022-10-10,BE_SHOP_INT,67,2936.02748397349,180
2022-10-11,BE_SHOP_DACH,299,14291.6172799985,878
2022-10-11,BE_SHOP_INT,134,5159.9951482865,320
2022-10-12,BE_SHOP_DACH,216,11014.9452409179,608
2022-10-12,BE_SHOP_INT,164,6275.93437717799,413
2022-10-13,BE_SHOP_DACH,201,10220.508160963,671
2022-10-13,BE_SHOP_INT,94,4212.3673995885,266
2022-10-14,BE_SHOP_DACH,182,9742.867298399,591
2022-10-14,BE_SHOP_INT,56,2342.2352749345,152
2022-10-15,BE_SHOP_INT,63,2714.5038951995,153
2022-10-15,BE_SHOP_DACH,169,8453.3091945375,468
2022-10-16,BE_SHOP_INT,58,2504.05265615,132
2022-10-16,BE_SHOP_DACH,208,10918.5140063,617
2022-10-17,BE_SHOP_DACH,230,10796.2491044,604
2022-10-17,BE_SHOP_INT,82,3901.3826153595,233
2022-10-18,BE_SHOP_DACH,344,15127.8937036655,1376
2022-10-18,BE_SHOP_INT,60,2549.8517242105,163
2022-10-19,BE_SHOP_INT,63,2923.629640821,176
2022-10-19,BE_SHOP_DACH,253,12689.3370751375,929
2022-10-20,BE_SHOP_INT,50,2291.727282324,152
2022-10-20,BE_SHOP_DACH,223,11171.110921548,748
2022-10-21,BE_SHOP_INT,28,1305.79099513649,89
2022-10-21,BE_SHOP_DACH,172,8468.1811657265,627
2022-10-22,BE_SHOP_INT,48,2099.643420075,138
2022-10-22,BE_SHOP_DACH,136,7849.3056052165,443
2022-10-23,BE_SHOP_DACH,200,11152.1595827125,765
2022-10-23,BE_SHOP_INT,53,2043.97794319299,144
2022-10-24,BE_SHOP_DACH,258,13379.8048053269,972
2022-10-24,BE_SHOP_INT,58,2736.897585593,196
2022-10-25,BE_SHOP_INT,97,4355.461622864,307
2022-10-25,BE_SHOP_DACH,347,17970.6476418783,1357
2022-10-26,BE_SHOP_INT,86,3754.4714382875,259
2022-10-26,BE_SHOP_DACH,313,16275.659294186,1094
2022-10-27,BE_SHOP_DACH,306,16895.877062945,1146
2022-10-27,BE_SHOP_INT,58,2409.9860404755,167
2022-10-28,BE_SHOP_INT,63,2622.768329172,187
2022-10-28,BE_SHOP_DACH,226,12472.1296667783,860
2022-10-29,BE_SHOP_DACH,171,8280.943787147,562
2022-10-29,BE_SHOP_INT,59,2525.0362472035,183
2022-10-30,BE_SHOP_INT,77,3345.323872187,214
2022-10-30,BE_SHOP_DACH,326,15674.3744749025,1100
2022-10-31,BE_SHOP_DACH,243,12652.0750716726,776
2022-10-31,BE_SHOP_INT,51,2147.611788653,140
2022-11-01,BE_SHOP_INT,71,3243.82466036,224
2022-11-01,BE_SHOP_DACH,285,14816.9165595805,867
2022-11-02,BE_SHOP_DACH,255,12846.4056054805,755
2022-11-02,BE_SHOP_INT,106,4883.307811203,305
2022-11-03,BE_SHOP_DACH,222,10858.1988747829,653
2022-11-03,BE_SHOP_INT,76,3178.022340877,196
2022-11-04,BE_SHOP_INT,59,2919.4480024445,165
2022-11-04,BE_SHOP_DACH,174,9120.8656696475,552
2022-11-05,BE_SHOP_DACH,144,6915.8478725825,380
2022-11-05,BE_SHOP_INT,45,2107.372611733,118
2022-11-06,BE_SHOP_DACH,223,12938.7532388264,660
2022-11-06,BE_SHOP_INT,88,3503.17398649699,212
2022-11-07,BE_SHOP_DACH,242,11980.235117636,698
2022-11-07,BE_SHOP_INT,99,3098.85288098449,234
2022-11-08,BE_SHOP_INT,115,4817.76197942199,319
2022-11-08,BE_SHOP_DACH,284,15693.136964721,898
2022-11-09,BE_SHOP_INT,126,4981.9355090635,320
2022-11-09,BE_SHOP_DACH,281,13711.924518098,836
2022-11-10,BE_SHOP_INT,71,2944.0434482335,184
2022-11-10,BE_SHOP_DACH,293,13635.101988006,790
2022-11-11,BE_SHOP_INT,54,2138.2378162905,130
2022-11-11,BE_SHOP_DACH,198,9025.7368871835,551
2022-11-12,BE_SHOP_INT,31,1296.2522214285,76
2022-11-12,BE_SHOP_DACH,157,7498.217663832,436
2022-11-13,BE_SHOP_DACH,212,11436.6489834545,611
2022-11-13,BE_SHOP_INT,66,2562.666789433,154
2022-11-14,BE_SHOP_DACH,234,11845.6003232416,667
2022-11-14,BE_SHOP_INT,75,3251.440387804,214
2022-11-15,BE_SHOP_INT,84,3478.364272001,238
2022-11-15,BE_SHOP_DACH,268,14144.4069908099,835
2022-11-16,BE_SHOP_DACH,271,14375.6373168879,835
2022-11-16,BE_SHOP_INT,98,3783.949146412,247
2022-11-17,BE_SHOP_DACH,379,18224.0344510995,1022
2022-11-17,BE_SHOP_INT,88,3477.999078054,227
2022-11-18,BE_SHOP_DACH,207,10671.8662079335,621
2022-11-18,BE_SHOP_INT,45,2196.269318336,130
2022-11-19,BE_SHOP_DACH,137,6888.8381519035,381
2022-11-19,BE_SHOP_INT,40,1797.257069368,94
2022-11-20,BE_SHOP_INT,47,2409.66764992599,133
2022-11-20,BE_SHOP_DACH,194,10883.7062624015,605
2022-11-21,BE_SHOP_DACH,1100,68551.2171397745,4661
2022-11-21,BE_SHOP_INT,221,9679.862508409,669
2022-11-22,BE_SHOP_DACH,783,43594.839050556,2984
2022-11-22,BE_SHOP_INT,130,5476.21516187699,384
2022-11-23,BE_SHOP_INT,155,6510.508586409,437
2022-11-23,BE_SHOP_DACH,648,36835.939960295,2445
2022-11-24,BE_SHOP_INT,114,4849.4246760545,325
2022-11-24,BE_SHOP_DACH,495,28711.2195724375,1808
2022-11-25,BE_SHOP_DACH,1378,86465.854798675,6031
2022-11-25,BE_SHOP_INT,327,16141.1045719665,1137
2022-11-26,BE_SHOP_INT,108,5051.4413749635,345
2022-11-26,BE_SHOP_DACH,496,43030.734592103,2340
2022-11-27,BE_SHOP_DACH,549,32231.6654093234,2345
2022-11-27,BE_SHOP_INT,138,5916.56536259699,403
2022-11-28,BE_SHOP_DACH,819,45681.9559208845,2980
2022-11-28,BE_SHOP_INT,192,8318.3106278545,558
2022-11-29,BE_SHOP_INT,89,3620.781746621,233
2022-11-29,BE_SHOP_DACH,325,16908.923275242,1174
2022-11-30,BE_SHOP_DACH,164,7651.5803913565,508
2022-11-30,BE_SHOP_INT,47,1815.247466569,118
2022-12-01,BE_SHOP_INT,41,1653.41297164,97
2022-12-01,BE_SHOP_DACH,121,5841.1918512545,393
2022-12-02,BE_SHOP_INT,34,1668.22887068399,101
2022-12-02,BE_SHOP_DACH,107,4971.740793668,317
2022-12-03,BE_SHOP_DACH,94,4844.402625581,289
2022-12-03,BE_SHOP_INT,26,1189.260972721,66
2022-12-04,BE_SHOP_INT,43,2011.537331051,126
2022-12-04,BE_SHOP_DACH,153,7355.0821338346,499
2022-12-05,BE_SHOP_DACH,179,8050.797792188,566
2022-12-05,BE_SHOP_INT,38,1429.5462016955,98
2022-12-06,BE_SHOP_INT,52,2162.0513807745,142
2022-12-06,BE_SHOP_DACH,163,8283.3288573285,525
2022-12-07,BE_SHOP_INT,43,1974.60765150199,118
2022-12-07,BE_SHOP_DACH,188,9344.090377409,668
2022-12-08,BE_SHOP_DACH,234,11031.6556454009,814
2022-12-08,BE_SHOP_INT,40,1736.5608852185,134
2022-12-09,BE_SHOP_INT,52,1993.90282276649,130
2022-12-09,BE_SHOP_DACH,172,7867.693190192,590
2022-12-10,BE_SHOP_INT,28,1345.3206721315,82
2022-12-10,BE_SHOP_DACH,118,5574.2070653225,341
2022-12-11,BE_SHOP_INT,43,1840.58304994,111
2022-12-11,BE_SHOP_DACH,193,9354.1380433745,652
2022-12-12,BE_SHOP_DACH,229,10972.038187505,839
2022-12-12,BE_SHOP_INT,38,1588.4237540015,127
2022-12-13,BE_SHOP_DACH,198,9161.538872103,677
2022-12-13,BE_SHOP_INT,48,2052.680630498,161
2022-12-14,BE_SHOP_INT,48,2197.585850542,171
2022-12-14,BE_SHOP_DACH,283,13860.486619524,1009
2022-12-15,BE_SHOP_INT,33,1269.077034806,104
2022-12-15,BE_SHOP_DACH,203,9984.95317248849,875
2022-12-16,BE_SHOP_INT,32,1454.195846838,103
2022-12-16,BE_SHOP_DACH,188,9833.2045700295,788
2022-12-17,BE_SHOP_DACH,150,8178.651819161,632
2022-12-17,BE_SHOP_INT,32,1588.74003592349,114
2022-12-18,BE_SHOP_INT,33,1828.770427723,118
2022-12-18,BE_SHOP_DACH,348,19506.9121419295,1419
2022-12-19,BE_SHOP_DACH,245,12779.100530074,980
2022-12-19,BE_SHOP_INT,39,1746.8587266375,146
2022-12-20,BE_SHOP_DACH,227,11066.6268209245,840
2022-12-20,BE_SHOP_INT,105,4399.62555029,370
2022-12-21,BE_SHOP_DACH,139,6105.549991345,514
2022-12-21,BE_SHOP_INT,121,4767.52394178199,395
2022-12-22,BE_SHOP_INT,75,3366.681343921,271
2022-12-22,BE_SHOP_DACH,208,9441.5502229415,714
2022-12-23,BE_SHOP_INT,39,1647.801105762,133
2022-12-23,BE_SHOP_DACH,113,5405.58678273499,406
2022-12-24,BE_SHOP_INT,22,919.944149167,65
2022-12-24,BE_SHOP_DACH,83,4001.882108186,284
2022-12-25,BE_SHOP_INT,21,953.246026714,67
2022-12-25,BE_SHOP_DACH,107,5531.5931739545,410
2022-12-26,BE_SHOP_INT,67,3041.5824379945,199
2022-12-26,BE_SHOP_DACH,146,6856.565029545,486
2022-12-27,BE_SHOP_DACH,301,13339.283947927,817
2022-12-27,BE_SHOP_INT,81,3621.751371373,207
2022-12-28,BE_SHOP_DACH,301,14374.250575228,936
2022-12-28,BE_SHOP_INT,91,3521.0971340765,227
2022-12-29,BE_SHOP_DACH,286,14455.6321134785,871
2022-12-29,BE_SHOP_INT,70,2675.49910755099,175
2022-12-30,BE_SHOP_DACH,246,12574.0687524499,799
2022-12-30,BE_SHOP_INT,55,2315.383767604,134
2022-12-31,BE_SHOP_DACH,109,5631.129365989,399
2022-12-31,BE_SHOP_INT,44,1793.22136638,95
2023-01-01,BE_SHOP_DACH,198,9738.100186686,579
2023-01-01,BE_SHOP_INT,59,2646.747274608,161
2023-01-02,BE_SHOP_DACH,318,15733.0340417053,1090
2023-01-02,BE_SHOP_INT,106,4442.14201536649,285
2023-01-03,BE_SHOP_DACH,703,33005.9631234119,2302
2023-01-03,BE_SHOP_INT,123,5263.019318569,374
2023-01-04,BE_SHOP_DACH,515,23547.4104555369,1745
2023-01-04,BE_SHOP_INT,160,6491.2410266835,465
2023-01-05,BE_SHOP_DACH,414,20482.2977112379,1424
2023-01-05,BE_SHOP_INT,126,5408.6959067225,391
2023-01-06,BE_SHOP_DACH,451,21916.34557633,1650
2023-01-06,BE_SHOP_INT,71,2966.9348671,189
2023-01-07,BE_SHOP_INT,87,3986.151326047,275
2023-01-07,BE_SHOP_DACH,241,11940.421602867,798
2023-01-08,BE_SHOP_INT,84,3861.243725682,262
2023-01-08,BE_SHOP_DACH,378,18820.1779007805,1358
2023-01-09,BE_SHOP_DACH,290,12929.0917995105,957
2023-01-09,BE_SHOP_INT,60,2481.0922042785,166
2023-01-10,BE_SHOP_INT,102,4061.0581514145,280
2023-01-10,BE_SHOP_DACH,569,29618.2241807779,2249
2023-01-11,BE_SHOP_DACH,434,20901.059674811,1593
2023-01-11,BE_SHOP_INT,93,3869.50952026199,277
2023-01-12,BE_SHOP_INT,76,2997.5029066525,183
2023-01-12,BE_SHOP_DACH,344,17509.794467655,1293
2023-01-13,BE_SHOP_DACH,298,15148.499564769,1088
2023-01-13,BE_SHOP_INT,76,3500.0037609485,232
2023-01-14,BE_SHOP_DACH,275,12747.71874147,882
2023-01-14,BE_SHOP_INT,73,3244.34008736,204
2023-01-15,BE_SHOP_DACH,405,20355.5399001325,1449
2023-01-15,BE_SHOP_INT,89,4007.214108019,258
2023-01-16,BE_SHOP_DACH,382,16791.3280328894,1082
2023-01-16,BE_SHOP_INT,94,3950.08987252,255
2023-01-17,BE_SHOP_INT,92,4032.1609766195,227
2023-01-17,BE_SHOP_DACH,359,16873.3630481269,1074
2023-01-18,BE_SHOP_INT,71,2879.376567957,169
2023-01-18,BE_SHOP_DACH,317,15526.047452749,1013
2023-01-19,BE_SHOP_INT,79,3265.70424153299,208
2023-01-19,BE_SHOP_DACH,286,13268.842395586,815
2023-01-20,BE_SHOP_INT,63,2910.371544341,178
2023-01-20,BE_SHOP_DACH,205,11336.475878533,690
2023-01-21,BE_SHOP_INT,50,2254.0764612479,134
2023-01-21,BE_SHOP_DACH,190,9592.93825413329,571
2023-01-22,BE_SHOP_INT,70,3034.7605198717,201
2023-01-22,BE_SHOP_DACH,377,19956.6883298591,1184
2023-01-23,BE_SHOP_INT,150,6859.10293943009,510
2023-01-23,BE_SHOP_DACH,736,40945.4396208547,2737
2023-01-24,BE_SHOP_DACH,520,27829.7856936445,1831
2023-01-24,BE_SHOP_INT,114,4780.2355543907,317
2023-01-25,BE_SHOP_INT,120,5963.63761678939,395
2023-01-25,BE_SHOP_DACH,766,37169.9055127349,2535
2023-01-26,BE_SHOP_INT,127,5555.9748551371,374
2023-01-26,BE_SHOP_DACH,495,24378.504893971,1634
2023-01-27,BE_SHOP_INT,140,5885.2343491493,436
2023-01-27,BE_SHOP_DACH,550,28031.2531463815,2025
2023-01-28,BE_SHOP_INT,104,5260.4284592089,358
2023-01-28,BE_SHOP_DACH,392,22083.5210558685,1520
2023-01-29,BE_SHOP_INT,172,8933.3577059567,605
2023-01-29,BE_SHOP_DACH,658,36368.9707981948,2436
2023-01-30,BE_SHOP_INT,181,9045.0353584082,608
2023-01-30,BE_SHOP_DACH,686,33944.0076881084,2282
2023-01-31,BE_SHOP_INT,137,6345.09776407849,416
2023-01-31,BE_SHOP_DACH,689,33884.1398276177,2184
2023-02-01,BE_SHOP_INT,48,2120.8336150441,152
2023-02-01,BE_SHOP_DACH,238,11450.0943985922,760
2023-02-02,BE_SHOP_INT,55,2578.579146668,174
2023-02-02,BE_SHOP_DACH,179,8294.0771925,480
2023-02-03,BE_SHOP_INT,27,1283.811097844,82
2023-02-03,BE_SHOP_DACH,140,6389.787077628,432
2023-02-04,BE_SHOP_DACH,139,7140.400829622,429
2023-02-04,BE_SHOP_INT,34,1804.981913969,110
2023-02-05,BE_SHOP_INT,51,2371.50361865499,147
2023-02-05,BE_SHOP_DACH,170,8868.980962054,555
2023-02-06,BE_SHOP_DACH,237,11481.4605109595,784
2023-02-06,BE_SHOP_INT,64,2934.744549782,203
2023-02-07,BE_SHOP_DACH,235,11289.101250005,811
2023-02-07,BE_SHOP_INT,73,3478.630687222,243
2023-02-08,BE_SHOP_DACH,264,12837.8349525479,904
2023-02-08,BE_SHOP_INT,127,5734.618101617,403
2023-02-09,BE_SHOP_DACH,246,12290.5985737905,861
2023-02-09,BE_SHOP_INT,57,2558.810121812,187
2023-02-10,BE_SHOP_INT,58,2919.259922816,205
2023-02-10,BE_SHOP_DACH,208,10381.764970496,753
2023-02-11,BE_SHOP_DACH,187,9349.977505569,610
2023-02-11,BE_SHOP_INT,50,2540.86389655199,181
2023-02-12,BE_SHOP_DACH,244,12119.825571331,781
2023-02-12,BE_SHOP_INT,56,2621.797227375,197
2023-02-13,BE_SHOP_DACH,273,13213.371548525,926
2023-02-13,BE_SHOP_INT,53,2809.171020077,177
2023-02-14,BE_SHOP_INT,74,3538.264810071,264
2023-02-14,BE_SHOP_DACH,278,13897.2561222685,944
2023-02-15,BE_SHOP_INT,54,2487.6957673805,181
2023-02-15,BE_SHOP_DACH,299,14849.1643845094,970
2023-02-16,BE_SHOP_DACH,215,11341.5212886755,753
2023-02-16,BE_SHOP_INT,71,3328.35805509799,240
2023-02-17,BE_SHOP_DACH,199,9704.773161279,655
2023-02-17,BE_SHOP_INT,67,3037.1816226315,224
2023-02-18,BE_SHOP_DACH,168,9107.046012494,574
2023-02-18,BE_SHOP_INT,41,1974.8336728035,132
2023-02-19,BE_SHOP_INT,59,3134.6787117265,209
2023-02-19,BE_SHOP_DACH,209,10914.365731732,695
2023-02-20,BE_SHOP_DACH,372,18616.8081746931,1277
2023-02-20,BE_SHOP_INT,69,3188.975643318,224
2023-02-21,BE_SHOP_DACH,457,22211.147259735,1661
2023-02-21,BE_SHOP_INT,70,3489.1187658495,247
2023-02-22,BE_SHOP_INT,105,4807.531728276,318
2023-02-22,BE_SHOP_DACH,331,16287.34141861,1034
2023-02-23,BE_SHOP_DACH,466,25258.3830001614,1632
2023-02-23,BE_SHOP_INT,115,5360.0157713895,352
2023-02-24,BE_SHOP_DACH,264,13971.79985237,865
2023-02-24,BE_SHOP_INT,114,4871.25247108299,358
2023-02-25,BE_SHOP_INT,87,4320.15260096049,289
2023-02-25,BE_SHOP_DACH,171,9191.5449206725,589
2023-02-26,BE_SHOP_DACH,380,18827.2654004915,1145
2023-02-26,BE_SHOP_INT,95,4229.676073788,263
2023-02-27,BE_SHOP_INT,127,5814.333039067,382
2023-02-27,BE_SHOP_DACH,478,24751.7115036244,1555
2023-02-28,BE_SHOP_DACH,534,27368.1194512779,1692
2023-02-28,BE_SHOP_INT,138,6385.5309711135,439
2023-03-01,BE_SHOP_DACH,232,11172.347535013,723
2023-03-01,BE_SHOP_INT,98,4148.0646413285,288
2023-03-02,BE_SHOP_INT,95,4091.131710605,280
2023-03-02,BE_SHOP_DACH,274,13118.845968805,891
2023-03-03,BE_SHOP_INT,103,4786.5148050295,342
2023-03-03,BE_SHOP_DACH,246,11627.887282701,883
2023-03-04,BE_SHOP_DACH,170,8687.2219416115,698
2023-03-04,BE_SHOP_INT,47,2141.266246342,144
2023-03-05,BE_SHOP_DACH,281,14181.268112088,1006
2023-03-05,BE_SHOP_INT,60,2917.470513363,195
2023-03-06,BE_SHOP_INT,83,3638.784332381,238
2023-03-06,BE_SHOP_DACH,299,13985.295382695,877
2023-03-07,BE_SHOP_DACH,373,19086.9431315849,1323
2023-03-07,BE_SHOP_INT,87,3790.38986377349,237
2023-03-08,BE_SHOP_DACH,463,23763.0079328029,1587
2023-03-08,BE_SHOP_INT,110,5312.64054138599,316
2023-03-09,BE_SHOP_DACH,349,16507.769351151,1153
2023-03-09,BE_SHOP_INT,66,3128.921222896,199
2023-03-10,BE_SHOP_INT,53,2542.948830709,157
2023-03-10,BE_SHOP_DACH,275,12989.041249598,860
2023-03-11,BE_SHOP_INT,54,2302.97098313,146
2023-03-11,BE_SHOP_DACH,209,11309.408250498,677
2023-03-12,BE_SHOP_INT,73,3642.736137174,221
2023-03-12,BE_SHOP_DACH,315,16479.4917538755,1044
2023-03-13,BE_SHOP_INT,85,3802.675761945,249
2023-03-13,BE_SHOP_DACH,340,15863.6571110045,1142
2023-03-14,BE_SHOP_DACH,410,20485.7002141489,1446
2023-03-14,BE_SHOP_INT,105,4803.430488227,333
2023-03-15,BE_SHOP_INT,103,4916.888610328,357
2023-03-15,BE_SHOP_DACH,404,21123.9901963048,1558
2023-03-16,BE_SHOP_INT,82,3940.32728765,259
2023-03-16,BE_SHOP_DACH,249,12421.4889045398,812
2023-03-17,BE_SHOP_DACH,248,13534.359307816,853
2023-03-17,BE_SHOP_INT,65,3165.415805241,216
2023-03-18,BE_SHOP_INT,47,2150.169355889,143
2023-03-18,BE_SHOP_DACH,227,11688.2394133292,775
2023-03-19,BE_SHOP_DACH,406,20122.483741529,1386
2023-03-19,BE_SHOP_INT,73,3876.016038894,241
2023-03-20,BE_SHOP_DACH,342,15088.576224882,977
2023-03-20,BE_SHOP_INT,88,3867.279410403,235
2023-03-21,BE_SHOP_INT,101,4604.978169914,273
2023-03-21,BE_SHOP_DACH,246,11761.394295908,720
2023-03-22,BE_SHOP_INT,93,4070.151398874,247
2023-03-22,BE_SHOP_DACH,263,12012.517749781,763
2023-03-23,BE_SHOP_INT,95,4131.8071387185,251
2023-03-23,BE_SHOP_DACH,244,12780.6042770705,778
2023-03-24,BE_SHOP_INT,76,3419.518562901,213
2023-03-24,BE_SHOP_DACH,209,11613.542310856,680
2023-03-25,BE_SHOP_INT,61,3017.894565557,187
2023-03-25,BE_SHOP_DACH,168,8019.464520558,497
2023-03-26,BE_SHOP_DACH,260,13455.7358977565,828
2023-03-26,BE_SHOP_INT,84,3847.6700657945,235
2023-03-27,BE_SHOP_INT,173,8142.4178452298,498
2023-03-27,BE_SHOP_DACH,453,21177.2066684559,1429
2023-03-28,BE_SHOP_INT,173,7844.95004704059,499
2023-03-28,BE_SHOP_DACH,550,26670.6118671692,1664
2023-03-29,BE_SHOP_INT,245,10997.6196107556,685
2023-03-29,BE_SHOP_DACH,493,23664.723988271,1553
2023-03-30,BE_SHOP_DACH,373,17587.3307875437,1147
2023-03-30,BE_SHOP_INT,208,10108.9300165358,627
2023-03-31,BE_SHOP_DACH,366,18138.8693106148,1147
2023-03-31,BE_SHOP_INT,163,7651.4717037542,483
2023-04-01,BE_SHOP_DACH,259,13132.3838025152,760
2023-04-01,BE_SHOP_INT,85,3832.71455153859,239
2023-04-02,BE_SHOP_INT,105,4282.7398016964,286
2023-04-02,BE_SHOP_DACH,293,14721.0214632716,857
2023-04-03,BE_SHOP_DACH,264,12742.696192905,764
2023-04-03,BE_SHOP_INT,122,4915.5924599455,334
2023-04-04,BE_SHOP_INT,106,4674.739813123,286
2023-04-04,BE_SHOP_DACH,286,13729.142053144,820
2023-04-05,BE_SHOP_INT,113,5192.94614673949,329
2023-04-05,BE_SHOP_DACH,288,14128.0622542595,791
2023-04-06,BE_SHOP_DACH,236,11234.83057984,700
2023-04-06,BE_SHOP_INT,84,3520.923238234,222
2023-04-07,BE_SHOP_DACH,216,10192.221946958,600
2023-04-07,BE_SHOP_INT,61,2622.191145091,153
2023-04-08,BE_SHOP_DACH,169,8529.54589851,508
2023-04-08,BE_SHOP_INT,49,2077.274288863,142
2023-04-09,BE_SHOP_INT,90,4357.93543869399,329
2023-04-09,BE_SHOP_DACH,355,20939.317814222,1564
2023-04-10,BE_SHOP_INT,112,5399.196430665,388
2023-04-10,BE_SHOP_DACH,609,31315.4165677109,2234
2023-04-11,BE_SHOP_INT,155,7049.350722823,494
2023-04-11,BE_SHOP_DACH,547,27401.3327562948,1839
2023-04-12,BE_SHOP_INT,159,7279.50164373399,505
2023-04-12,BE_SHOP_DACH,480,22783.5335255644,1567
2023-04-13,BE_SHOP_INT,116,5096.192793772,331
2023-04-13,BE_SHOP_DACH,354,17255.06143538,1132
2023-04-14,BE_SHOP_INT,101,4754.779156877,323
2023-04-14,BE_SHOP_DACH,392,18399.224846601,1180
2023-04-15,BE_SHOP_INT,74,3212.64265371699,213
2023-04-15,BE_SHOP_DACH,249,12632.99633946,805
2023-04-16,BE_SHOP_DACH,442,22073.714319548,2427
2023-04-16,BE_SHOP_INT,85,4525.0351168545,304
2023-04-17,BE_SHOP_DACH,301,13774.111393811,818
2023-04-17,BE_SHOP_INT,77,3601.086014474,230
2023-04-18,BE_SHOP_INT,84,4016.729777756,225
2023-04-18,BE_SHOP_DACH,376,17451.6752079929,1023
2023-04-19,BE_SHOP_DACH,383,18077.3064979925,1059
2023-04-19,BE_SHOP_INT,73,3362.077005054,199
2023-04-20,BE_SHOP_INT,74,3324.879178408,188
2023-04-20,BE_SHOP_DACH,296,13890.1988678575,841
2023-04-21,BE_SHOP_DACH,276,13755.7201403945,720
2023-04-21,BE_SHOP_INT,52,2113.798531841,136
2023-04-22,BE_SHOP_INT,39,1777.7394153465,110
2023-04-22,BE_SHOP_DACH,171,8549.78353672899,441
2023-04-23,BE_SHOP_DACH,247,12524.1185765419,706
2023-04-23,BE_SHOP_INT,58,2518.05851454199,154
2023-04-24,BE_SHOP_DACH,418,20065.9302279355,1204
2023-04-24,BE_SHOP_INT,100,4421.76490631099,291
2023-04-25,BE_SHOP_DACH,560,26223.3840662589,2612
2023-04-25,BE_SHOP_INT,89,3828.99889842699,260
2023-04-26,BE_SHOP_DACH,337,14917.999913616,952
2023-04-26,BE_SHOP_INT,107,4944.064849416,310
2023-04-27,BE_SHOP_DACH,326,14741.7129511964,909
2023-04-27,BE_SHOP_INT,112,4936.67118529799,319
2023-04-28,BE_SHOP_DACH,475,18083.665285525,1160
2023-04-28,BE_SHOP_INT,112,5314.24668418349,344
2023-04-29,BE_SHOP_DACH,267,11918.545007424,682
2023-04-29,BE_SHOP_INT,53,2431.68828065699,140
2023-04-30,BE_SHOP_DACH,256,12891.06094374,745
2023-04-30,BE_SHOP_INT,87,4140.379047456,242
2023-05-01,BE_SHOP_INT,85,4016.58524466009,240
2023-05-01,BE_SHOP_DACH,245,12514.6437680355,718
2023-05-02,BE_SHOP_INT,230,11542.839618335,791
2023-05-02,BE_SHOP_DACH,857,48796.036802813,3103
2023-05-03,BE_SHOP_INT,192,8608.2909577115,562
2023-05-03,BE_SHOP_DACH,473,23830.560039014,1513
2023-05-04,BE_SHOP_DACH,518,28781.163605612,1928
2023-05-04,BE_SHOP_INT,201,9518.9252665965,612
2023-05-05,BE_SHOP_INT,172,8258.8608187695,537
2023-05-05,BE_SHOP_DACH,499,24939.4438861865,1618
2023-05-06,BE_SHOP_DACH,243,13185.4335752939,830
2023-05-06,BE_SHOP_INT,94,4522.1483044815,283
2023-05-07,BE_SHOP_DACH,558,31332.6914597404,2070
2023-05-07,BE_SHOP_INT,142,7201.1972672755,451
2023-05-08,BE_SHOP_INT,207,9788.25172514899,645
2023-05-08,BE_SHOP_DACH,835,42688.4581983345,2872
2023-05-09,BE_SHOP_INT,183,8983.968597014,596
2023-05-09,BE_SHOP_DACH,1042,53042.8112033725,3471
2023-05-10,BE_SHOP_DACH,315,15025.1429110424,952
2023-05-10,BE_SHOP_INT,77,3421.6908891815,215
2023-05-11,BE_SHOP_INT,39,1839.807704531,115
2023-05-11,BE_SHOP_DACH,189,8728.932548453,510
2023-05-12,BE_SHOP_INT,29,1251.428997771,70
2023-05-12,BE_SHOP_DACH,132,6082.789632045,372
2023-05-13,BE_SHOP_DACH,105,4820.83023076099,281
2023-05-13,BE_SHOP_INT,34,1741.857838196,95
2023-05-14,BE_SHOP_INT,42,1858.86583035,113
2023-05-14,BE_SHOP_DACH,162,7729.325848306,449
2023-05-15,BE_SHOP_INT,62,2747.721610478,186
2023-05-15,BE_SHOP_DACH,286,13001.9426430495,789
2023-05-16,BE_SHOP_INT,46,2341.785203398,157
2023-05-16,BE_SHOP_DACH,241,10983.8005901259,664
2023-05-17,BE_SHOP_INT,53,2252.568470921,149
2023-05-17,BE_SHOP_DACH,152,7373.780315514,443
2023-05-18,BE_SHOP_DACH,215,10282.954053698,603
2023-05-18,BE_SHOP_INT,51,2439.322731284,149
2023-05-19,BE_SHOP_INT,41,2229.68316575,132
2023-05-19,BE_SHOP_DACH,168,8287.048736739,487
2023-05-20,BE_SHOP_DACH,103,4840.254719427,280
2023-05-20,BE_SHOP_INT,39,2055.404144058,123
2023-05-21,BE_SHOP_INT,43,2232.105631697,128
2023-05-21,BE_SHOP_DACH,233,11090.725245704,661
2023-05-22,BE_SHOP_INT,57,2632.614986887,166
2023-05-22,BE_SHOP_DACH,234,11074.432778785,673
2023-05-23,BE_SHOP_DACH,476,22677.9874851484,1369
2023-05-23,BE_SHOP_INT,81,3459.479201762,216
2023-05-24,BE_SHOP_DACH,446,19884.674869101,1230
2023-05-24,BE_SHOP_INT,92,4227.67380093699,250
2023-05-25,BE_SHOP_DACH,280,12654.331803368,753
2023-05-25,BE_SHOP_INT,75,3034.664091312,191
2023-05-26,BE_SHOP_INT,49,2091.02251411949,130
2023-05-26,BE_SHOP_DACH,189,9758.561146549,607
2023-05-27,BE_SHOP_INT,30,1283.8039493113,83
2023-05-27,BE_SHOP_DACH,164,7768.6539915822,457
2023-05-28,BE_SHOP_INT,60,2736.252131503,190
2023-05-28,BE_SHOP_DACH,241,12396.3811951622,846
2023-05-29,BE_SHOP_INT,88,3775.5183352054,259
2023-05-29,BE_SHOP_DACH,599,27876.5057978618,1941
2023-05-30,BE_SHOP_INT,260,12154.406175196,872
2023-05-30,BE_SHOP_DACH,936,45210.7181323197,3198
2023-05-31,BE_SHOP_DACH,682,35928.7475988671,2544
2023-05-31,BE_SHOP_INT,321,14779.8858224091,1050
2023-06-01,BE_SHOP_INT,117,5092.755677611,316
2023-06-01,BE_SHOP_DACH,314,16131.2846843488,1020
2023-06-02,BE_SHOP_INT,62,2827.267258786,174
2023-06-02,BE_SHOP_DACH,174,8240.974194525,497
2023-06-03,BE_SHOP_DACH,175,8982.223166126,528
2023-06-03,BE_SHOP_INT,44,1999.037444587,120
2023-06-04,BE_SHOP_DACH,291,15087.2977053579,958
2023-06-04,BE_SHOP_INT,87,3972.889370245,236
2023-06-05,BE_SHOP_INT,115,5107.06926902,315
2023-06-05,BE_SHOP_DACH,300,14392.2703989319,923
2023-06-06,BE_SHOP_INT,132,5875.377595192,351
2023-06-06,BE_SHOP_DACH,289,13731.18292809,883
2023-06-07,BE_SHOP_DACH,284,14970.029626527,902
2023-06-07,BE_SHOP_INT,129,5641.213719693,348
2023-06-08,BE_SHOP_DACH,349,17360.9474689849,1004
2023-06-08,BE_SHOP_INT,87,3907.23139190049,256
2023-06-09,BE_SHOP_DACH,234,12006.0688303249,731
2023-06-09,BE_SHOP_INT,67,3048.04437119,198
2023-06-10,BE_SHOP_INT,53,2375.12481019899,152
2023-06-10,BE_SHOP_DACH,169,9389.10952441449,613
2023-06-11,BE_SHOP_DACH,228,13466.9693634509,765
2023-06-11,BE_SHOP_INT,54,2676.119791459,153
2023-06-12,BE_SHOP_DACH,345,16767.340048767,1028
2023-06-12,BE_SHOP_INT,83,4005.7979531575,238
2023-06-13,BE_SHOP_DACH,554,27680.6369577289,1746
2023-06-13,BE_SHOP_INT,110,5090.364248441,314
2023-06-14,BE_SHOP_INT,99,4531.877318932,288
2023-06-14,BE_SHOP_DACH,451,23400.9874293959,1401
2023-06-15,BE_SHOP_INT,160,6573.128857452,421
2023-06-15,BE_SHOP_DACH,340,17155.3597333465,1089
2023-06-16,BE_SHOP_DACH,256,13144.766851847,775
2023-06-16,BE_SHOP_INT,79,3419.605240275,218
2023-06-17,BE_SHOP_DACH,190,10020.7942020819,572
2023-06-17,BE_SHOP_INT,47,2169.079406281,123
2023-06-18,BE_SHOP_INT,83,3893.6537146805,235
2023-06-18,BE_SHOP_DACH,283,15482.8551247219,916
2023-06-19,BE_SHOP_DACH,523,33780.5814097394,1930
2023-06-19,BE_SHOP_INT,105,5049.845775617,328
2023-06-20,BE_SHOP_DACH,343,20205.901437833,1065
2023-06-20,BE_SHOP_INT,80,3855.68244516399,230
2023-06-21,BE_SHOP_INT,51,2607.7792960235,153
2023-06-21,BE_SHOP_DACH,513,27064.801847385,2126
2023-06-22,BE_SHOP_DACH,270,15690.4030207515,875
2023-06-22,BE_SHOP_INT,35,1835.750842989,111
2023-06-23,BE_SHOP_INT,42,2320.4864568545,128
2023-06-23,BE_SHOP_DACH,180,9717.867744583,695
2023-06-24,BE_SHOP_DACH,140,8323.387555412,425
2023-06-24,BE_SHOP_INT,34,1954.496050441,101
2023-06-25,BE_SHOP_INT,40,2057.281503976,110
2023-06-25,BE_SHOP_DACH,214,12044.600980173,635
2023-06-26,BE_SHOP_DACH,480,23922.962226956,1334
2023-06-26,BE_SHOP_INT,70,3432.0415353465,192
2023-06-27,BE_SHOP_DACH,492,26128.1346731224,1448
2023-06-27,BE_SHOP_INT,91,4682.2607885275,279
2023-06-28,BE_SHOP_DACH,494,29416.5028761759,1638
2023-06-28,BE_SHOP_INT,116,5464.722256783,317
2023-06-29,BE_SHOP_DACH,581,31765.7468217939,1753
2023-06-29,BE_SHOP_INT,151,7791.608181264,452
2023-06-30,BE_SHOP_INT,81,4383.433922405,251
2023-06-30,BE_SHOP_DACH,463,23216.3797796109,1323
2023-07-01,BE_SHOP_INT,73,3678.67395853699,237
2023-07-01,BE_SHOP_DACH,280,15523.7842244655,855
2023-07-02,BE_SHOP_INT,75,3977.67493976849,241
2023-07-02,BE_SHOP_DACH,300,17733.516834228,1001
2023-07-03,BE_SHOP_DACH,256,14484.397084163,843
2023-07-03,BE_SHOP_INT,75,3994.364043566,242
2023-07-04,BE_SHOP_INT,74,3803.3287707305,237
2023-07-04,BE_SHOP_DACH,344,19137.5450136776,1098
2023-07-05,BE_SHOP_DACH,263,14904.165366578,820
2023-07-05,BE_SHOP_INT,72,3884.151439372,229
2023-07-06,BE_SHOP_INT,86,4457.2363504135,255
2023-07-06,BE_SHOP_DACH,219,12343.529367063,701
2023-07-07,BE_SHOP_DACH,173,10260.3420930555,595
2023-07-07,BE_SHOP_INT,64,3318.9761333025,204
2023-07-08,BE_SHOP_DACH,147,8074.30373394,456
2023-07-08,BE_SHOP_INT,42,2151.72514640049,127
2023-07-09,BE_SHOP_INT,56,2939.163469129,171
2023-07-09,BE_SHOP_DACH,259,15279.546645093,838
2023-07-10,BE_SHOP_INT,80,4118.2904107775,267
2023-07-10,BE_SHOP_DACH,364,20775.286233323,1346
2023-07-11,BE_SHOP_DACH,377,21249.851491376,1436
2023-07-11,BE_SHOP_INT,107,5636.394650218,390
2023-07-12,BE_SHOP_DACH,349,20983.1855195179,1353
2023-07-12,BE_SHOP_INT,88,5156.62139670299,321
2023-07-13,BE_SHOP_DACH,290,15162.860604397,1029
2023-07-13,BE_SHOP_INT,58,3098.621435943,202
2023-07-14,BE_SHOP_INT,53,3344.2190125885,221
2023-07-14,BE_SHOP_DACH,175,9272.560666894,570
2023-07-15,BE_SHOP_INT,48,2531.951310596,171
2023-07-15,BE_SHOP_DACH,265,14175.011818005,889
2023-07-16,BE_SHOP_INT,62,3431.17294006399,238
2023-07-16,BE_SHOP_DACH,335,19531.1221146659,1220
2023-07-17,BE_SHOP_INT,64,3286.1769827346,197
2023-07-17,BE_SHOP_DACH,367,18831.59486332,1083
2023-07-18,BE_SHOP_INT,52,2606.6995733835,160
2023-07-18,BE_SHOP_DACH,340,18148.1004131215,1040
2023-07-19,BE_SHOP_INT,36,1729.8857820436,129
2023-07-19,BE_SHOP_DACH,261,13471.350594968,767
2023-07-20,BE_SHOP_INT,60,3121.5700378315,200
2023-07-20,BE_SHOP_DACH,198,10933.2117684494,643
2023-07-21,BE_SHOP_INT,42,2169.8422356475,151
2023-07-21,BE_SHOP_DACH,165,9498.243232108,534
2023-07-22,BE_SHOP_INT,26,1507.985514044,99
2023-07-22,BE_SHOP_DACH,171,10321.1059130399,580
2023-07-23,BE_SHOP_INT,39,2077.451997595,121
2023-07-23,BE_SHOP_DACH,229,13626.223533444,722
2023-07-24,BE_SHOP_INT,44,2492.887144289,172
2023-07-24,BE_SHOP_DACH,257,14443.7268161553,805
2023-07-25,BE_SHOP_INT,112,6318.5537279205,401
2023-07-25,BE_SHOP_DACH,446,26559.3518373769,1330
2023-07-26,BE_SHOP_INT,134,6498.07820173099,428
2023-07-26,BE_SHOP_DACH,412,23885.6021626116,1244
2023-07-27,BE_SHOP_DACH,432,24604.4153095894,1286
2023-07-27,BE_SHOP_INT,158,8467.7342095195,542
2023-07-28,BE_SHOP_DACH,337,20239.1482846569,1028
2023-07-28,BE_SHOP_INT,124,6055.64634756199,363
2023-07-29,BE_SHOP_DACH,206,11324.250035065,605
2023-07-29,BE_SHOP_INT,90,4724.1715607745,282
2023-07-30,BE_SHOP_INT,74,4355.1649098995,273
2023-07-30,BE_SHOP_DACH,258,14127.0167745075,1789
2023-07-31,BE_SHOP_INT,98,4460.07564489649,290
2023-07-31,BE_SHOP_DACH,483,26267.7311719119,1793
2023-08-01,BE_SHOP_INT,90,4425.764664084,254
2023-08-01,BE_SHOP_DACH,529,30168.9988650868,1880
2023-08-02,BE_SHOP_INT,82,4414.967208698,285
2023-08-02,BE_SHOP_DACH,489,28144.049933975,2868
2023-08-03,BE_SHOP_DACH,596,33995.748345071,4486
2023-08-03,BE_SHOP_INT,102,5241.32766668149,576
2023-08-04,BE_SHOP_DACH,310,17404.944554778,1681
2023-08-04,BE_SHOP_INT,44,2279.61294356,164
2023-08-05,BE_SHOP_INT,61,3335.321523885,223
2023-08-05,BE_SHOP_DACH,257,14283.1525147869,1391
2023-08-06,BE_SHOP_INT,49,2403.05990185099,156
2023-08-06,BE_SHOP_DACH,427,25469.2119556459,2706
2023-08-07,BE_SHOP_INT,48,2327.5038322104,145
2023-08-07,BE_SHOP_DACH,1252,59831.6866123547,3106
2023-08-08,BE_SHOP_INT,79,3957.3673252065,252
2023-08-08,BE_SHOP_DACH,1198,66170.7146917235,3444
2023-08-09,BE_SHOP_DACH,433,24361.4855521859,1450
2023-08-09,BE_SHOP_INT,74,3736.590316164,253
2023-08-10,BE_SHOP_DACH,311,17823.529803791,1107
2023-08-10,BE_SHOP_INT,75,3884.088537183,224
2023-08-11,BE_SHOP_DACH,205,10851.3628060269,666
2023-08-11,BE_SHOP_INT,66,3701.136461485,218
2023-08-12,BE_SHOP_INT,52,2625.721340662,158
2023-08-12,BE_SHOP_DACH,143,8285.052528477,483
2023-08-13,BE_SHOP_DACH,263,14872.735279747,887
2023-08-13,BE_SHOP_INT,42,2329.203578084,147
2023-08-14,BE_SHOP_DACH,321,17379.553088148,1066
2023-08-14,BE_SHOP_INT,62,3100.650402725,229
2023-08-15,BE_SHOP_INT,59,3587.21774856349,233
2023-08-15,BE_SHOP_DACH,280,15847.6317833479,936
2023-08-16,BE_SHOP_INT,51,2500.7258521135,152
2023-08-16,BE_SHOP_DACH,319,17366.558210326,1023
2023-08-17,BE_SHOP_DACH,338,17925.165268604,1058
2023-08-17,BE_SHOP_INT,55,3198.42912628599,213
2023-08-18,BE_SHOP_DACH,204,10916.8125039295,663
2023-08-18,BE_SHOP_INT,38,2100.3399425815,129
2023-08-19,BE_SHOP_DACH,152,8418.919455964,472
2023-08-19,BE_SHOP_INT,38,2080.6123261555,127
2023-08-20,BE_SHOP_INT,41,2023.6706367395,124
2023-08-20,BE_SHOP_DACH,211,12528.743456778,711
2023-08-21,BE_SHOP_DACH,274,14688.626951645,888
2023-08-21,BE_SHOP_INT,48,2405.5568322125,177
2023-08-22,BE_SHOP_DACH,1,34.411214954,2
